<metadata xml:lang="en"><Esri><CreaDate>2020-01-28</CreaDate><CreaTime>08:14:08</CreaTime><ArcGISFormat>1.0</ArcGISFormat><SyncOnce>FALSE</SyncOnce><DataProperties><lineage><Process Date="20200128" Time="081408" ToolSource="c:\program files (x86)\arcgis\desktop10.6\ArcToolbox\Toolboxes\Data Management Tools.tbx\MosaicToNewRaster">MosaicToNewRaster I:\Regional\Physical\Topography\LIDAR_Composite_2018\LIDAR_2m_DTM_Composite_2018.gdb\LIDAR_2m_DTM_2018;D:\LIDAR_Merge_2019\Merged_2m_LIDAR_2019_Block_Mosaics.gdb\Lidar_2m_DTM_2019_Mosaic_Block_01;D:\LIDAR_Merge_2019\Merged_2m_LIDAR_2019_Block_Mosaics.gdb\Lidar_2m_DTM_2019_Mosaic_Block_02;D:\LIDAR_Merge_2019\Merged_2m_LIDAR_2019_Block_Mosaics.gdb\Lidar_2m_DTM_2019_Mosaic_Block_04;D:\LIDAR_Merge_2019\Merged_2m_LIDAR_2019_Block_Mosaics.gdb\Lidar_2m_DTM_2019_Mosaic_Block_03;D:\LIDAR_Merge_2019\Merged_2m_LIDAR_2019_Block_Mosaics.gdb\Lidar_2m_DTM_2019_Mosaic_Block_05;D:\LIDAR_Merge_2019\Merged_2m_LIDAR_2019_Block_Mosaics.gdb\Lidar_2m_DTM_2019_Mosaic_Block_06;D:\LIDAR_Merge_2019\Merged_2m_LIDAR_2019_Block_Mosaics.gdb\Lidar_2m_DTM_2019_Mosaic_Block_07;D:\LIDAR_Merge_2019\Merged_2m_LIDAR_2019_Block_Mosaics.gdb\Lidar_2m_DTM_2019_Mosaic_Block_08;D:\LIDAR_Merge_2019\Merged_2m_LIDAR_2019_Block_Mosaics.gdb\Lidar_2m_DTM_2019_Mosaic_Block_09;D:\LIDAR_Merge_2019\Merged_2m_LIDAR_2019_Block_Mosaics.gdb\Lidar_2m_DTM_2019_Mosaic_Block_10;D:\LIDAR_Merge_2019\Merged_2m_LIDAR_2019_Block_Mosaics.gdb\Lidar_2m_DTM_2019_Mosaic_Block_11;D:\LIDAR_Merge_2019\Merged_2m_LIDAR_2019_Block_Mosaics.gdb\Lidar_2m_DTM_2019_Mosaic_Block_12;D:\LIDAR_Merge_2019\Merged_2m_LIDAR_2019_Block_Mosaics.gdb\Lidar_2m_DTM_2019_Mosaic_Block_13;D:\LIDAR_Merge_2019\Merged_2m_LIDAR_2019_Block_Mosaics.gdb\Lidar_2m_DTM_2019_Mosaic_Block_14 D:\LIDAR_Merge_2019\LIDAR_2m_DTM_Composite_2019.gdb LIDAR_2m_DTM_2019 PROJCS['British_National_Grid',GEOGCS['GCS_OSGB_1936',DATUM['D_OSGB_1936',SPHEROID['Airy_1830',6377563.396,299.3249646]],PRIMEM['Greenwich',0.0],UNIT['Degree',0.0174532925199433]],PROJECTION['Transverse_Mercator'],PARAMETER['False_Easting',400000.0],PARAMETER['False_Northing',-100000.0],PARAMETER['Central_Meridian',-2.0],PARAMETER['Scale_Factor',0.9996012717],PARAMETER['Latitude_Of_Origin',49.0],UNIT['Meter',1.0]] 32_BIT_FLOAT 2 1 LAST FIRST</Process><Process Date="20200128" Time="150854" ToolSource="c:\program files (x86)\arcgis\desktop10.6\ArcToolbox\Toolboxes\Data Management Tools.tbx\BuildPyramids">BuildPyramids D:\LIDAR_Merge_2019\LIDAR_2m_DTM_Composite_2019.gdb\LIDAR_2m_DTM_2019 0 NONE BILINEAR DEFAULT 75 OVERWRITE</Process><Process Date="20200203" Time="183540" ToolSource="c:\program files (x86)\arcgis\desktop10.6\ArcToolbox\Toolboxes\Data Management Tools.tbx\Clip">Clip D:\PROJECTS\COMPOSITE_CONVERSION_PROJECT\LIDAR_Composite_2019\LIDAR_2m_DTM_Composite_2019.gdb\LIDAR_2m_DTM_2019 "525000 185000 530000 190000" G:\LIDAR_Composites\2019\GeoTiffs\2m\DTM\TQ\TQ28\TQ28ne_DTM_2m.tif # 3.402823E+38 NONE NO_MAINTAIN_EXTENT</Process></lineage><itemProps><itemName Sync="TRUE">TQ28ne_DTM_2m.tif</itemName><itemLocation><linkage Sync="TRUE">file://G:\LIDAR_Composites\2019\GeoTiffs\2m\DTM\TQ\TQ28\TQ28ne_DTM_2m.tif</linkage><protocol Sync="TRUE">Local Area Network</protocol></itemLocation><imsContentType Sync="TRUE">002</imsContentType><nativeExtBox><westBL Sync="TRUE">525000.000000</westBL><eastBL Sync="TRUE">530000.000000</eastBL><southBL Sync="TRUE">185000.000000</southBL><northBL Sync="TRUE">190000.000000</northBL><exTypeCode Sync="TRUE">1</exTypeCode></nativeExtBox></itemProps><coordRef><type Sync="TRUE">Projected</type><geogcsn Sync="TRUE">GCS_OSGB_1936</geogcsn><csUnits Sync="TRUE">Linear Unit: Meter (1.000000)</csUnits><projcsn Sync="TRUE">British_National_Grid</projcsn><peXml Sync="TRUE">&lt;ProjectedCoordinateSystem xsi:type='typens:ProjectedCoordinateSystem' xmlns:xsi='http://www.w3.org/2001/XMLSchema-instance' xmlns:xs='http://www.w3.org/2001/XMLSchema' xmlns:typens='http://www.esri.com/schemas/ArcGIS/10.6'&gt;&lt;WKT&gt;PROJCS[&amp;quot;British_National_Grid&amp;quot;,GEOGCS[&amp;quot;GCS_OSGB_1936&amp;quot;,DATUM[&amp;quot;D_OSGB_1936&amp;quot;,SPHEROID[&amp;quot;Airy_1830&amp;quot;,6377563.396,299.3249646]],PRIMEM[&amp;quot;Greenwich&amp;quot;,0.0],UNIT[&amp;quot;Degree&amp;quot;,0.0174532925199433]],PROJECTION[&amp;quot;Transverse_Mercator&amp;quot;],PARAMETER[&amp;quot;False_Easting&amp;quot;,400000.0],PARAMETER[&amp;quot;False_Northing&amp;quot;,-100000.0],PARAMETER[&amp;quot;Central_Meridian&amp;quot;,-2.0],PARAMETER[&amp;quot;Scale_Factor&amp;quot;,0.9996012717],PARAMETER[&amp;quot;Latitude_Of_Origin&amp;quot;,49.0],UNIT[&amp;quot;Meter&amp;quot;,1.0],AUTHORITY[&amp;quot;EPSG&amp;quot;,27700]]&lt;/WKT&gt;&lt;XOrigin&gt;-5220400&lt;/XOrigin&gt;&lt;YOrigin&gt;-15524400&lt;/YOrigin&gt;&lt;XYScale&gt;450481592.76709664&lt;/XYScale&gt;&lt;ZOrigin&gt;-100000&lt;/ZOrigin&gt;&lt;ZScale&gt;10000&lt;/ZScale&gt;&lt;MOrigin&gt;-100000&lt;/MOrigin&gt;&lt;MScale&gt;10000&lt;/MScale&gt;&lt;XYTolerance&gt;0.001&lt;/XYTolerance&gt;&lt;ZTolerance&gt;0.001&lt;/ZTolerance&gt;&lt;MTolerance&gt;0.001&lt;/MTolerance&gt;&lt;HighPrecision&gt;true&lt;/HighPrecision&gt;&lt;WKID&gt;27700&lt;/WKID&gt;&lt;LatestWKID&gt;27700&lt;/LatestWKID&gt;&lt;/ProjectedCoordinateSystem&gt;</peXml></coordRef><RasterProperties><General><PixelDepth Sync="TRUE">32</PixelDepth><HasColormap Sync="TRUE">FALSE</HasColormap><CompressionType Sync="TRUE">LZW</CompressionType><NumBands Sync="TRUE">1</NumBands><Format Sync="TRUE">TIFF</Format><HasPyramids Sync="TRUE">TRUE</HasPyramids><SourceType Sync="TRUE">continuous</SourceType><PixelType Sync="TRUE">floating point</PixelType><NoDataValue Sync="TRUE">3.4028231e+38</NoDataValue></General></RasterProperties></DataProperties><SyncDate>20200203</SyncDate><SyncTime>18354000</SyncTime><ModDate>2020-02-04</ModDate><ModTime>18:35:40</ModTime><scaleRange><maxScale /><minScale /></scaleRange><PublishStatus>editor:arcpy_metadata</PublishStatus><ArcGISProfile>ISO19139</ArcGISProfile><ArcGISstyle>ISO 19139 Metadata Implementation Specification</ArcGISstyle></Esri><dataIdInfo><envirDesc Sync="TRUE"> Version 6.2 (Build 9200) ; Esri ArcGIS 10.6.1.9270</envirDesc><dataLang><languageCode Sync="TRUE" value="eng" /><countryCode Sync="TRUE" value="GBR" /></dataLang><idCitation><resTitle Sync="FALSE">TQ28ne_DTM_2m.tif</resTitle><presForm><PresFormCd Sync="TRUE" value="005" /></presForm><citOnlineRes><linkage /></citOnlineRes><resAltTitle /><citRespParty><rpCntInfo><cntOnlineRes><protocol /><appProfile /><linkage /><orDesc /><orName /></cntOnlineRes><faxNum /><cntAddress><city /><postCode /><adminArea /><eMailAdd /><delPoint /><country /></cntAddress><cntHours /><cntInstr /><voiceNum /></rpCntInfo><rpIndName /><rpPosName /><role><RoleCd /></role><orFunct><OnFunctCd /></orFunct><rpOrgName /></citRespParty><otherCitDet /><date><reviseDate>2020-02-04T15:38:01</reviseDate></date><citId><identCode /><identAuth><citId><identAuth><citId><identCode /></citId></identAuth><identCode /></citId></identAuth></citId></idCitation><spatRpType><SpatRepTypCd Sync="TRUE" value="002" /></spatRpType><dataExt><geoEle><GeoBndBox esriExtentType="search"><exTypeCode Sync="TRUE">1</exTypeCode><westBL Sync="TRUE">-0.196982</westBL><eastBL Sync="TRUE">-0.123052</eastBL><northBL Sync="TRUE">51.594488</northBL><southBL Sync="TRUE">51.548418</southBL></GeoBndBox></geoEle><exDesc /><tempEle><TempExtent><exTemp><TM_Period><tmEnd /><tmBegin /></TM_Period><TM_Instant><tmPosition /></TM_Instant></exTemp></TempExtent></tempEle><tempDesc /></dataExt><resMaint><usrDefFreq><duration>Never</duration></usrDefFreq><maintFreq><MaintFreqCd /></maintFreq></resMaint><idPoC><rpCntInfo><cntOnlineRes><protocol /><appProfile /><linkage /><orDesc /><orName /></cntOnlineRes><faxNum /><cntAddress><city /><postCode /><adminArea /><eMailAdd>geomatics_data@environment-agency.gov.uk</eMailAdd><delPoint /><country /></cntAddress><cntHours /><cntInstr /><voiceNum /></rpCntInfo><rpIndName>Geomatics</rpIndName><rpPosName /><role><RoleCd /></role><orFunct><OnFunctCd /></orFunct><rpOrgName>Environment Agency</rpOrgName></idPoC><mdLang><languageCode /></mdLang><dataScale><scaleDist><value /></scaleDist><equScale><rfDenom>2</rfDenom></equScale></dataScale><suppInfo /><placeKeys><keyword>TQ28ne</keyword></placeKeys><maintCont><rpCntInfo><cntOnlineRes><protocol /><appProfile /><linkage /><orDesc /><orName /></cntOnlineRes><faxNum /><cntAddress><city /><postCode /><adminArea /><eMailAdd /><delPoint /><country /></cntAddress><cntHours /><cntInstr /><voiceNum /></rpCntInfo><rpIndName /><rpPosName /><role><RoleCd /></role><orFunct><OnFunctCd /></orFunct><rpOrgName /></maintCont><idAbs>The LIDAR Composite is produced on an annual basis from the best available data for any location.</idAbs><searchKeys><keyword>2m</keyword><keyword>Last Return</keyword><keyword>Digital Terrain Model (DTM)</keyword><keyword>TQ28ne</keyword><keyword>OSGM'15</keyword><keyword>OSTN'15</keyword><keyword>2019</keyword><keyword>Environment Agency</keyword><keyword>Geomatics</keyword><keyword>Environment Agency</keyword><keyword>Open Data</keyword><keyword>LIDAR Composite 2019</keyword></searchKeys><idCredit>Environment Agency</idCredit><resConst><Consts><useLimit>Data is available to reuse under the Open Government Licence.
Please refer to: http://www.nationalarchives.gov.uk/doc/open-government-licence/version/3/ for further information.</useLimit></Consts><LegConsts><useLimit /></LegConsts></resConst><idPurp>Digital Terrain Model (DTM) TQ28ne_DTM_2m.tif. This raster forms part of the LIDAR Composite 2019 2m Digital Terrain Model (DTM) produced by the Environment Agency Geomatics Team.</idPurp></dataIdInfo><mdLang><languageCode Sync="TRUE" value="eng" /><countryCode Sync="TRUE" value="GBR" /></mdLang><distInfo><distFormat><formatName Sync="TRUE">Geotiff</formatName></distFormat><distTranOps><onLineSrc><linkage /><appProfile /><orFunct><OnFunctCd /></orFunct><protocol /><orName /><orDesc /></onLineSrc></distTranOps></distInfo><mdHrLv><ScopeCd Sync="TRUE" value="005" /></mdHrLv><mdHrLvName Sync="TRUE">dataset</mdHrLvName><refSysInfo><RefSystem><refSysID><identCode Sync="TRUE" code="27700" /><idCodeSpace Sync="TRUE">EPSG</idCodeSpace><idVersion Sync="TRUE">8.9.5(3.0.1)</idVersion></refSysID></RefSystem></refSysInfo><spatRepInfo><Georect><cellGeo><CellGeoCd Sync="TRUE" value="002" /></cellGeo><numDims Sync="TRUE">2</numDims><tranParaAv Sync="TRUE">1</tranParaAv><chkPtAv Sync="TRUE">0</chkPtAv><cornerPts><pos Sync="TRUE">525000.000000 185000.000000</pos></cornerPts><cornerPts><pos Sync="TRUE">525000.000000 190000.000000</pos></cornerPts><cornerPts><pos Sync="TRUE">530000.000000 190000.000000</pos></cornerPts><cornerPts><pos Sync="TRUE">530000.000000 185000.000000</pos></cornerPts><centerPt><pos Sync="TRUE">527500.000000 187500.000000</pos></centerPt><axisDimension type="002"><dimSize Sync="TRUE">2500</dimSize><dimResol><value Sync="TRUE" uom="m">2.000000</value></dimResol></axisDimension><axisDimension type="001"><dimSize Sync="TRUE">2500</dimSize><dimResol><value Sync="TRUE" uom="m">2.000000</value></dimResol></axisDimension><ptInPixel><PixOrientCd Sync="TRUE" value="001" /></ptInPixel></Georect></spatRepInfo><contInfo><ImgDesc><contentTyp><ContentTypCd Sync="TRUE" value="001" /></contentTyp><covDim><Band><dimDescrp Sync="TRUE">Band_1</dimDescrp><maxVal Sync="TRUE">136.334991</maxVal><minVal Sync="TRUE">23.462500</minVal><bitsPerVal Sync="TRUE">32</bitsPerVal><valUnit><UOM type="length" /></valUnit></Band></covDim></ImgDesc></contInfo><mdDateSt Sync="TRUE">20200203</mdDateSt><dqInfo><dataLineage><dataSource><srcDesc /><srcRefSys><identAuth><citId><identCode /></citId></identAuth></srcRefSys></dataSource></dataLineage></dqInfo><eainfo><detailed><enttyp><enttypl /></enttyp></detailed></eainfo><dataSetURI /></metadata>